title	The Hungry Little Caterpillar.
egg	Look! A little egg, on a leaf.
pop	Pop! Out came a tiny caterpillar.
hello	Hello! I'm so hungry!
mon	On Monday, he found...
mon_q	What's this?
mon_a	An apple! A red apple!
apple	Apple.
one	One!
mon_n	One apple.
munch	Munch, munch, munch!
mon_h	But he was still hungry!
tue	On Tuesday, he found...
tue_q	What are these?
tue_a	Pears! Green pears!
pear	Pear.
count	Let's count!
one2	One...
two	two!
tue_n	Two pears!
munch2	Munch, munch, munch!
tue_h	Still hungry!
